Product Name,Product Number,Product Price
Huawei MateBook X Pro 13.9" kannettava (hopea),HU53010DAE,1 399 
Lenovo Ideapad 330 15.6" kannettava (onyksinmusta),LE81DE00KYMX,389 
Norton Security Deluxe (5 laitetta),NORTONSECST5D,19,95 
Acer Chromebook 14 14" kannettava (sininen),ACNXGU7ED006,349 
Asus Chromebook C223NA 11.6" kannettava (harmaa),ASC223NGJ0002,199 
HP 14-cm0822no 14" kannettava (musta),HP14CM0822NO,449 
HP Chromebook x2 12-f080no 12.3" 2-in-1 (valkoinen/harmaa),11215,899 
HP Pavilion 15-cs0814no 15.6" kannettava (vaalea kulta),HP15CS0814NO,799 
Huawei MateBook X Pro 13.9" kannettava (hopea),HU53010DAE,1 399 
Lenovo Ideapad 330 15.6" kannettava (onyksinmusta),LE81DE00KYMX,389 
Norton Security Deluxe (5 laitetta),NORTONSECST5D,19,95 
Acer Chromebook 14 14" kannettava (sininen),ACNXGU7ED006,349 
Asus Chromebook C223NA 11.6" kannettava (harmaa),ASC223NGJ0002,199 
HP 14-cm0822no 14" kannettava (musta),HP14CM0822NO,449 
HP 14-cm0822no 14" kannettava (musta),HP14CM0822NO,449 
Asus Chromebook C223NA 11.6" kannettava (harmaa),ASC223NGJ0002,199 
Dell Inspiron G3 15.6" pelikannettava (musta),10325,699Outletista alkaen 604€
Lenovo Ideapad 330 15.6" kannettava (onyksinmusta),LE81DE00KYMX,389 
MacBook Air 2018 13.3" 128 GB (tähtiharmaa),15045,1 199 
Asus ROG Strix Hero 2 15.6" pelikannettava (musta),ASGL504G159,1 499Outletista alkaen 1 404€
MacBook Air 13.3" MQD32,MACAMQD32KSA,899Outletista alkaen 774€
HP Stream 14-cb087no 14" kannettava (valkoinen),11331,249 
Acer Switch 5 12" 2-in-1 (musta),ACNTLDSED001,769 
Acer Chromebook R11 11.6" 2-in-1 (valkoinen),ACNXG54ED015,369Outletista alkaen 268€
Lenovo Ideapad 120s 11.6" kannettava (harmaa),LE81A400L1MX,199 
Dell XPS 13-9370 13.3" kannettava (platina),DEXPS9370607,1 399Outletista alkaen 1 227€
Acer Aspire 5 15.6" kannettava (musta),10237,1 099Outletista alkaen 999€
Acer Nitro 5 SE 15.6" kannettava tietokone (musta),ACNHQ3YED003,1 049Outletista alkaen 986€
Acer Aspire 5 15.6" kannettava (musta),ACNXGT0ED002,597Outletista alkaen 488€
HP Pavilion 14-bf080no 14" kannettava (hopea),HP14BF080NO,527Outletista alkaen 432€
Surface Laptop i5 256 GB (platina),MSSLI58256PL,899Outletista alkaen 639€
Lenovo Legion Y530 15.6" pelikannettava (musta),10418,1 499Outletista alkaen 1 404€
Huawei MateBook X Pro 13.9" kannettava (tähtiharmaa),13354,1 649Outletista alkaen 1 544€
MacBook Air 2018 13.3" 128 GB (hopea),15094,1 199 
Lenovo Yoga S730 13.3" kannettava (platina),16263,1 099 
Acer Chromebook 14 14" kannettava (sininen),ACNXGU7ED006,349Outletista alkaen 254€
Acer Swift 3 15.6" kannettava (hopea),ACNXH1MED003,649 
Acer Swift 3 15.6" kannettava (hopea),ACNXH1NED002,949 
HP 14-ck0826no 14" kannettava (musta),HP14CK0826NO,699Outletista alkaen 499€
HP Pavilion 15-cs0814no 15.6" kannettava (vaalea kulta),HP15CS0814NO,799Outletista alkaen 689€
Lenovo Ideapad 320S 14" kannettava (harmaa),LE81BN000NMX,597 
MacBook 12" MNYF2 (tähtiharmaa),MACBMNYF2KSA,1 395Outletista alkaen 1 196€
MacBook Pro 13 MPXU2 (hopea),MACBPMPXU2KSA,1 599Outletista alkaen 1 369€
Asus TUF Gaming FX705 17.3" pelikannettava (kulta/teräs),10160,999 
HP 15-da0804no 15.6" kannettava (musta),10441,699Outletista alkaen 499€
Lenovo Chromebook S330 14" kannettava (musta),12516,299 
Asus Chromebook C423. 14” HD kannettava tietokone (hopea/musta),12822,259 
Asus ZenBook 15 UX533FD 15.6" kannettava (hopea),12823,1 349 
Asus ZenBook 15 UX533FD 15.6" kannettava (sininen),12833,1 649 
MacBook Air 2018 13.3" 256 GB (kulta),15044,1 629 
Acer Chromebook 15 15.6" kannettava (metallinharmaa),ACNXGHJED012,309 
Acer Swift 3 15.6" kannettava (hopea),ACNXH1MED002,749Outletista alkaen 647€
Asus VivoBook S15 S530UN 15.6" kannettava (vihreä),ASS530UBQ083T,899Outletista alkaen 774€
Asus ZenBook Flip 14" 2-in-1 (kulta),ASUX461E1091T,1 199 
HP Envy x360 13-ag0804no 13.3" 2-in-1 (tummanharmaa),HP13AG0804NO,849 
HP 14-bp078no 14" kannettava (musta),HP14BP078NO,349 
HP 14-ck0820no 14" kannettava (musta),HP14CK0820NO,369 
HP Pavilion Power 15-bc400no 15.6" kannettava,HP15BC400NO,829 
HP Pavilion Gaming 15-cx0811no 15.6" pelikannettava,HP15CX0811NO,999 
HP 17-by0801no 17.3" kannettava (musta),HP17BY0801NO,569 
Lenovo Yoga 710 2-in-1 14" (musta),LE80V4003LMX,998 
Lenovo Ideapad 530s 14" kannettava (onyksinmusta),LE81EU00BRMX,799Outletista alkaen 689€
Lenovo Ideapad 330 15.6" kannettava (musta),LE81FK007JMX,949Outletista alkaen 893€
MacBook Pro 15 MPTR2 (tähtiharmaa),MACBPMPTR2KSA,2 549Outletista alkaen 2 177€
MacBook Pro 13 MPXQ2 (tähtiharmaa),MACBPMPXQ2KSA,1 349Outletista alkaen 1 157€
MacBook Pro 13 MPXR2 (hopea),MACBPMPXR2KSA,1 349Outletista alkaen 1 157€
MacBook Pro 13 Touch Bar 2018 (tähtiharmaa),MACBPMR9Q2KSA,1 999Outletista alkaen 1 709€
MSI GS65 8RE-033NE Stealth 15.6" pelikannettava,MSIGS658RE033,2 079Outletista alkaen 1 777€
Lenovo Yoga 730 13.3" 2-in-1 (raudanharmaa),10018,1 149 
Lenovo Yoga 730 13.3" 2-in-1 (raudanharmaa),10024,1 299 
Asus TUF Gaming FX504 15.6" pelikannettava (musta),10163,1 299 
Dell Inspiron G3 17.3" pelikannettava (musta),10326,1 299 
MSI Prestige PS42 8M-412NE 14" kannettava (hopea),10383,995 
MSI Prestige PS42 8RC-022NE 14" kannettava (hopea),10384,1 349 
MSI Prestige PS42 8RC-023NE 14" kannettava (hopea),10385,1 549 
MSI GP63 8RE-651NE Leopard 15.6" pelikannettava (musta),10386,1 449 
MSI GP73 8RF-648NE Leopard 17.3" pelikannettava (musta),10387,2 199 
Lenovo Ideapad S130 14" kannettava (harmaa),10416,399Outletista alkaen 329€
Lenovo Legion Y530 15.6" pelikannettava (musta),10417,1 449 
Lenovo Ideapad 330 17.3" kannettava (musta),10419,949 
Lenovo Legion Y530 15.6" pelikannettava (musta),10422,1 449Outletista alkaen 1 358€
Lenovo Ideapad 330 15.6" kannettava (platina),10423,1 049 
Lenovo Yoga 920 13.9" 2-in-1 (platina),10424,1 699 
Lenovo Ideapad 330 15.6" kannettava (onyksinmusta),10428,849Outletista alkaen 732€
HP Pavilion Gaming 15-cx0816no 15.6" pelikannettava,10437,1 499 
HP 15-da0803no 15.6" kannettava (musta),10440,749Outletista alkaen 534€
HP 15-da1806no 15.6" kannettava (musta),10442,599Outletista alkaen 429€
HP 15-da1807no 15.6" kannettava (musta),10443,649Outletista alkaen 464€
Lenovo Ideapad 530s 14" kannettava (harmaa),10556,1 399Outletista alkaen 1 311€
Asus VivoBook Flip TP412UA 14" 2-in-1 (harmaa),10975,649 
HP Chromebook x2 12-f080no 12.3" 2-in-1 (valkoinen/harmaa),11215,899 
HP Chromebook x360 14-da0001no 14" 2-in-1 (valkoinen/harmaa),11218,799 
HP Envy 13-ah1803no 13.3" kannettava (hopea),11220,1 199 
HP Pavilion x360 2-in-1 14-cd1808no 14" (hopea),11228,899 
HP Spectre Folio 2-in-1 13-ak0801no (konjakinruskea),11249,1 899 
HP Spectre x360 2-in-1 13-ap0800no (harmaa/kupari),11266,1 699 
HP Spectre x360 2-in-1 13-ap0801no (harmaa/kupari),11272,1 749Outletista alkaen 1 584€
HP Spectre x360 2-in-1 13-ap0803no (harmaa/kupari),11277,1 599 
HP Pavilion x360 2-in-1 14-dd0811no 14" (hopea),11805,749Outletista alkaen 609€
Lenovo Chromebook S330 14" kannettava (musta),12511,369 
Lenovo Chromebook C330 11.6" 2-in-1 (valkoinen),12512,379 
Lenovo Chromebook Yoga C630 15.6" 2-in-1 (yönsininen),12513,899 
Lenovo Chromebook C330 11.6" 2-in-1 (valkoinen),12515,399 
Asus TUF Gaming FX705 17.3" pelikannettava (kulta/teräs),12820,1 449 
Asus TUF Gaming FX705 17.3" pelikannettava (kulta/teräs),12821,1 599 
Asus Chromebook C423. 14” fHD kannettava tietokone (hopea/musta),12827,439 
Asus ZenBook 13 UX333FN 13.3" kannettava (sininen),12828,1 549 
Asus Chromebook C523. 15.6” HD kannettava tietokone (hopea/musta),12836,339 
Acer TravelMate X349 14" kannettava (musta),12889,1 099 
Acer Nitro 5 15.6" pelikannettava (musta),13888,849 
Acer Swift 3 Pro 13.3” kannettava (hopea),14152,949 
HP Pavilion 13-an0806no 13.3" kannettava (hopea),14416,799 
HP Pavilion 13-an0808no 13.3" kannettava (hopea),14420,1 099 
MacBook Air 2018 13.3" 256 GB (hopea),15036,1 629 
MacBook Air 2018 13.3" 256 GB (tähtiharmaa),15057,1 629 
MacBook Air 2018 13.3" 128 GB (kulta),15082,1 199 
Lenovo Legion Y530 15.6" pelikannettava 256 GB (musta),16254,1 299 
Lenovo Ideapad 530s 14" kannettava (musta),16269,899 
Acer Aspire 3 15.6" kannettava (musta),16470,399 
Lenovo ThinkPad Yoga 370 13.3" 2-in-1 (hopea),20JH003QMX,1 599Outletista alkaen 1 497€
Lenovo ThinkPad E480 14" kannettava 3y On-site,20KQ000RMX,999 
Lenovo ThinkPad T580 15.6" kannettava 3y On-site,20LA0022MX,1 799 
Lenovo ThinkPad X380 Yoga 13.3" 2-in-1 3y On-site,20LHS0AB00,1 799 
Lenovo ThinkPad L480 14" kannettava 3y On-site,20LSS0EC00,979 
Lenovo ThinkPad L480 14" kannettava 3y On-site,20LSS0ED00,919 
Lenovo ThinkPad L380 Yoga 13.3" 2-in-1 3y On-site,20M7S07900,1 399 
Predator Helios 300 17.3" pelikannettava (musta),ACNHQ29ED004,1 497Outletista alkaen 1 312€
Predator Triton 700 15.6" pelikannettava,ACNHQ2KED013,2 199 
Predator Helios 300 17.3" pelikannettava (musta),ACNHQ2MED014,1 249Outletista alkaen 1 172€
Acer Nitro 5 15.6" pelikannettava (musta),ACNHQ2SED002,897Outletista alkaen 548€
Predator Helios 300 17.3" pelikannettava (musta),ACNHQ3DED022,1 599 
Predator Helios 300 17.3" pelikannettava (musta),ACNHQ3EED012,1 249Outletista alkaen 1 172€
Predator Helios 300 15.6" pelikannettava (musta),ACNHQ3FED030,1 799 
Predator Helios 500 17.3" pelikannettava (musta),ACNHQ3NED009,2 389 
Acer Nitro 5 15.6" pelikannettava (musta),ACNHQ3XED024,1 399 
Acer Nitro 5 SE 15.6" pelikannettava (musta),ACNHQ3YED004,1 189 
Acer Nitro 5 SE 15.6" kannettava tietokone (musta),ACNHQ3ZED003,1 099Outletista alkaen 944€
Acer Nitro 5 SE 15.6" pelikannettava (musta),ACNHQ4CED001,1 039 
Acer Nitro 5 SE 15.6" pelikannettava (musta),ACNHQ4DED001,929Outletista alkaen 800€
Acer Chromebook 14 14" kannettava (hopea),ACNXGC2ED019,409Outletista alkaen 337€
Acer Aspire E5 14" kannettava (harmaa/musta),ACNXGCUED011,397Outletista alkaen 347€
Acer Aspire ES1-732 17.3" kannettava (musta),ACNXGH4ED012,499 
Acer Chromebook 15 15.6" kannettava (harmaa),ACNXGHJED001,309Outletista alkaen 273€
Acer Chromebook 14 14" kannettava (kulta),ACNXGJEED021,409 
Acer Chromebook R13 13.3" 2-in-1 (hopea),ACNXGL4ED003,459 
Acer Swift 5 14" kannettava,ACNXGLDED005,897 
Acer Chromebook 11 N7 11.6" kannettava (valk/sin),ACNXGN3ED008,329 
Acer Chromebook 11 N7 11.6" kannettava (valk/sin),ACNXGN3ED010,269Outletista alkaen 239€
Acer Chromebook 11 N7 11.6" kannettava (valk/sin),ACNXGN4ED002,359 
Acer Swift 1 13.3" kannettava (hopea),ACNXGNLED001,499Outletista alkaen 409€
Acer Swift 1 13.3" kannettava (hopea),ACNXGNLED003,499 
Acer Swift 3 14" kannettava (hopea),ACNXGNUED008,627Outletista alkaen 512€
Acer Swift 3 14" kannettava (hopea),ACNXGNUED011,597Outletista alkaen 488€
Acer Swift 3 14" kannettava (hopea),ACNXGNXED001,467Outletista alkaen 407€
Acer Chromebook 15 15.6" kannettava (hopea),ACNXGP0ED001,399Outletista alkaen 349€
Acer Chromebook 15 15.6" kannettava (hopea),ACNXGP0ED004,519Outletista alkaen 451€
Acer Chromebook 15 15.6" kannettava (hopea),ACNXGP0ED006,409Outletista alkaen 358€
Acer Swift 1 13.3" kannettava (hopea),ACNXGP2ED003,369Outletista alkaen 305€
Acer Aspire 7 15.6" kannettava (musta),ACNXGP8ED006,878 
Acer Swift 3 14" kannettava (sininen),ACNXGPKED001,397 
Acer Swift 3 14" kannettava (sin.),ACNXGPLED003,627Outletista alkaen 512€
Acer Swift 3 14" kannettava (sininen),ACNXGPLED006,597Outletista alkaen 428€
Acer Chromebook 15 15.6" kannettava (hopea),ACNXGPTED001,539 
Acer Chromebook 15 15.6" kannettava (hopea),ACNXGPTED002,619 
Acer Swift 3 15.6" kannettava (teräksenharmaa),ACNXGQ5ED005,497Outletista alkaen 408€
Acer Swift 3 14" kannettava (hopea),ACNXGQGED004,627Outletista alkaen 512€
Acer Swift 3 14" kannettava (sininen),ACNXGQJED002,647Outletista alkaen 463€
Acer Swift 3 14" kannettava (pinkki),ACNXGQLED002,799Outletista alkaen 689€
Acer Swift 3 15.6" kannettava (teräksenharmaa),ACNXGSJED004,997Outletista alkaen 937€
Acer Swift 5 14" kannettava (sininen),ACNXGTMED005,1 199 
Acer Swift 5 14" kannettava (sininen),ACNXGTMED006,989Outletista alkaen 930€
Acer Chromebook Spin 11 11.6" 2-in-1 (hopea),ACNXGV2ED001,409 
Acer Swift 3 15.6" kannettava (teräksenharmaa),ACNXGV7ED009,999 
Acer Chromebook Spin 11 11.6" 2-in-1 + kynä (hopea),ACNXGVFED039,479 
Acer Aspire 5 15.6" kannettava tietokone (musta),ACNXGVLED005,649 
Acer Chromebook Spin 15 15.6" 2-in-1 (hopea),ACNXGWGED004,689Outletista alkaen 492€
Acer Chromebook Spin 15 15.6" 2-in-1 (hopea),ACNXGWGED005,579 
Acer Chromebook Spin 15 15.6" 2-in-1 (hopea),ACNXGWGED009,699 
Acer Aspire 3 15.6" kannettava (musta),ACNXGY9ED011,449Outletista alkaen 324€
Acer Aspire 3 15.6" kannettava (musta),ACNXGY9ED012,549Outletista alkaen 449€
Acer Aspire 3 15.6" kannettava (musta),ACNXGY9ED015,719Outletista alkaen 513€
Acer Swift 3 15.6" kannettava (hopea),ACNXGZ8ED002,499Outletista alkaen 434€
Acer Swift 3 15.6" kannettava (hopea),ACNXH1MED001,849 
Acer Swift 3 15.6" kannettava (hopea),ACNXH1NED001,899 
Acer Swift 3 14" kannettava (hopea),ACNXH1SED001,849 
Acer Swift 3 14" kannettava (hopea),ACNXH1SED002,749 
Asus VivoBook 14 kannettava (harmaa),ASA411UEB684T,397 
Asus Chromebook Flip C302 12.5" 2-in-1 (hopea),ASC302CAGU005,619 
Asus TUF Gaming FX504 15.6" pelikannettava (musta),ASFX504G035,1 659Outletista alkaen 1 553€
Asus TUF Gaming FX504 15.6" pelikannettava (musta),ASFX504G4036,1 049 
Asus TUF Gaming FX504 15.6" pelikannettava (musta),ASFX504G418,1 349 
Asus ROG G703GS 17.3" pelikannettava,ASG703G5006,3 429 
Asus ROG Strix GL503GE 15.6" pelikannettava (musta),ASGL503G148,1 399 
Asus ROG Strix SCAR II 15.6" pelikannettava (musta),ASGL504G032,2 599 
Asus ROG Strix GL703GE 17.3" pelikannettava (SCAR Ed.),ASGL703G148,1 509 
Asus ROG Zephyrus M GM501 15.6" pelikannettava (musta),ASGM501G006,2 489 
Asus Laptop L203 11.6" kannettava (harmaa),ASL203MD040TS,299 
Asus Laptop L203 11.6" kannettava (valkoinen),ASL203MD048TS,299Outletista alkaen 264€
Asus VivoBook S15 S530UN 15.6" kannettava (harmaa),ASS530UBQ003T,1 099 
Asus VivoBook S15 S530UN 15.6" kannettava (sin./kelt.),ASS530UBQ144T,699 
Asus ZenBook 13 UX331UA 13.3" kannettava (sininen),ASUX331EG013T,999 
Asus ZenBook 13 UX331UA 13.3" kannettava (sininen),ASUX331EG131T,849Outletista alkaen 604€
Asus ZenBook S UX391UA 13.3" kannettava (tummansininen),ASUX391ET012T,1 449Outletista alkaen 1 358€
Asus ZenBook S UX391UA 13.3" kannettava (tummansininen),ASUX391ET038T,1 199 
Asus ZenBook Flip 14" 2-in-1 (harmaa),ASUX461E1026T,1 199 
Asus ZenBook Flip 14" 2-in-1 (harmaa),ASUX461E1046T,1 399Outletista alkaen 1 451€
Asus ZenBook Flip 14" 2-in-1 (kulta),ASUX461E1069T,1 549 
Asus ZenBook Pro 15 kannettava (sininen),ASUX550BN023T,1 749 
Asus ZenBook Pro 15 kannettava (syvänsininen),ASUX580BO024T,1 969Outletista alkaen 1 723€
Dell Alienware 15 R4 15.6" pelikannettava (hopea/musta),DEAW15R41010,2 499 
Dell Alienware 15 R4 15.6" pelikannettava (hopea/musta),DEAW15R41014,1 999Outletista alkaen 1 709€
Dell Alienware 15 R4 15.6" pelikannettava (hopea/musta),DEAW15R41015,3 399 
Dell Alienware 17 R5 17.3" pelikannettava (hopea/musta),DEAW17R52007,3 699 
Dell Alienware 17 R5 17.3" pelikannettava (hopea/musta),DEAW17R52011,2 199 
Dell Alienware 17 R5 17.3" pelikannettava (hopea/musta),DEAW17R52013,2 599 
Dell Inspiron 15-5570 15.6" kannettava (hopea),DEINS5570401,497Outletista alkaen 408€
Dell Inspiron 15-5570 15.6" kannettava (hopea),DEINS5570413,799Outletista alkaen 569€
Dell Inspiron 15-5570 15.6" kannettava (hopea),DEINS5570418,949 
Dell Inspiron G5 15.6" pelikannettava (musta),DEINS5587622,1 549 
Dell Inspiron G5 15.6" pelikannettava (musta),DEINS5587627,1 849 
Dell Inspiron G5 15.6" pelikannettava (musta),DEINS5587628,1 049Outletista alkaen 986€
Dell Inspiron 13-7370 13.3" kannettava (platina),DEINS7370001,999 
Dell Inspiron 13-7370 13.3" kannettava (platina),DEINS7370002,1 099 
Dell Inspiron 13-7373 13.3" 2-in-1 (harmaa),DEINS7373001,1 099Outletista alkaen 1 032€
Dell XPS 15 DVGV0 15.6" kannettava Win 10 Pro (harmaa),DEXPS15DVGV0,1 249Outletista alkaen 1 072€
Dell XPS 13-9370 13.3" kannettava (platina),DEXPS9370606,1 899 
Dell XPS 13-9370 13.3" kannettava (platina),DEXPS9370609,1 699 
Dell XPS 15-9570 15.6" kannettava 512 GB (hopea),DEXPS9570608,1 999 
Dell XPS 15-9570 15.6" kannettava 256 GB (hopea),DEXPS9570610,1 799 
Dell XPS 15-9575 15.6" 2-in-1 (platinahopea),DEXPS9575411,2 299Outletista alkaen 2 148€
Dell XPS 15-9575 15.6" 2-in-1 (platinahopea),DEXPS9575413,3 099 
HP Chromebook x360 11-ae001no 11.6" 2-in-1 (harmaa),HP11AE001NO,409 
HP Spectre x2 2-in-1 12-a000no (hopea),HP12A000NO,Outletista alkaen 729€
HP Spectre x360 2-in-1 13-ae001no (harmaa/kupari),HP13AE001NO,1 599Outletista alkaen 1 497€
HP Spectre x360 2-in-1 13-ae006no (hopea),HP13AE006NO,1 699Outletista alkaen 1 590€
HP Spectre x360 2-in-1 13-ae001no (hopea),HP13AE080NO,1 297Outletista alkaen 1 216€
HP Envy x360 13-ag0801no 13.3" 2-in-1 (tummanharmaa),HP13AG0801NO,649 
HP Envy x360 13-ag0808no 13.3" 2-in-1 (tummanharmaa),HP13AG0808NO,999Outletista alkaen 939€
HP Envy 13-ah0001no 13.3" kannettava (hopea),HP13AH0001NO,1 099 
HP Envy 13-ah0002no 13.3" kannettava (hopea),HP13AH0002NO,949 
HP Envy 13-ah0003no 13.3" kannettava (hopea),HP13AH0003NO,899 
HP Spectre 13-v103no 13.3" kannettava (musta/kupari),HP13V103NO,1 399Outletista alkaen 1 269€
HP Stream 14-ax081no 14" kannettava (sininen),HP14AX081NO,249Outletista alkaen 184€
HP Pavilion x360 14-ba002no 14" 2-in-1 (kulta),HP14BA002NO,547Outletista alkaen 393€
HP Pavilion x360 14-ba082no 14" 2-in-1 (hopea),HP14BA082NO,698Outletista alkaen 568€
HP Pavilion x360 14-ba102no 14" 2-in-1 (hopea),HP14BA102NO,647 
HP Pavilion x360 14-ba181no 14" 2-in-1 (kulta),HP14BA181NO,647 
HP Pavilion 14-bf083no 14" kannettava (hopea),HP14BF083NO,397Outletista alkaen 328€
HP 14-bp092no 14" kannettava (valkoinen),HP14BP092NO,359Outletista alkaen 315€
HP Chromebook 14-ca080no 14" kannettava (harmaa),HP14CA080NO,329 
HP Pavilion x360 2-in-1 14-cd0800no 14" (vaalea hopea),HP14CD0800NO,599Outletista alkaen 489€
HP Pavilion x360 2-in-1 14-cd0803no 14" (hopea),HP14CD0803NO,749 
HP Pavilion x360 2-in-1 14-cd0806no 14" (hopea),HP14CD0806NO,949Outletista alkaen 893€
HP Pavilion 14-ce0804no 14" kannettava (hopea),HP14CE0804NO,699Outletista alkaen 499€
HP Pavilion 14-ce0807no 14" kannettava (hopea),HP14CE0807NO,849Outletista alkaen 732€
HP Pavilion 14-ce0850no 14" kannettava (vaalea kulta),HP14CE0850NO,699Outletista alkaen 604€
HP Pavilion 14-ce0851no 14" kannettava (valkoinen),HP14CE0851NO,699 
HP Pavilion 14-ce0852no 14" kannettava (vaalea kulta),HP14CE0852NO,849Outletista alkaen 732€
HP Pavilion 14-ce0853no 14" kannettava (valkoinen),HP14CE0853NO,849 
HP 14-ck0805no 14" kannettava (musta),HP14CK0805NO,549Outletista alkaen 477€
HP 14-ck0806no 14" kannettava (musta),HP14CK0806NO,447Outletista alkaen 323€
HP 14-ck0825no 14" kannettava (musta),HP14CK0825NO,549 
HP 14-cm0812no 14" kannettava (musta),HP14CM0812NO,447 
HP Spectre x360 2-in-1 15-bl181no (harmaa/kupari),HP15BL181NO,1 999Outletista alkaen 1 809€
HP 15-bs188no 15.6" kannettava (musta),HP15BS188NO,849Outletista alkaen 689€
HP Pavilion Power 15-cb084no 15.6" pelikannettava,HP15CB084NO,849 
HP Pavilion 15-cs0800no 15.6" kannettava (hopea),HP15CS0800NO,549Outletista alkaen 477€
HP Pavilion 15-cs0803no 15.6" kannettava (hopea),HP15CS0803NO,649Outletista alkaen 464€
HP Pavilion 15-cs0806no 15.6" kannettava (hopea),HP15CS0806NO,799Outletista alkaen 689€
HP Pavilion 15-cs0809no 15.6" kannettava (hopea),HP15CS0809NO,949 
HP Pavilion 15-cs0812no 15.6" kannettava (vaalea kulta),HP15CS0812NO,549Outletista alkaen 477€
HP Pavilion 15-cs0813no 15.6" kannettava (vaalea kulta),HP15CS0813NO,649Outletista alkaen 529€
HP Pavilion 15-cs0815no 15.6" kannettava (vaalea kulta),HP15CS0815NO,949 
HP Pavilion 15-cw0804no 15.6" kannettava (hopea),HP15CW0804NO,699Outletista alkaen 499€
HP Pavilion 15-cw0808no 15.6" kannettava (vaalea kulta),HP15CW0808NO,699 
HP Pavilion Gaming 15-cx0001no 15.6" pelikannettava,HP15CX0001NO,899Outletista alkaen 639€
HP Pavilion Gaming 15-cx0812no 15.6" pelikannettava,HP15CX0812NO,1 049Outletista alkaen 954€
HP Pavilion Gaming 15-cx0815no 15.6" pelikannettava,HP15CX0815NO,1 609 
HP Omen 15-dc0803no 15.6" pelikannettava (musta),HP15DC0803NO,1 129 
HP Omen 15-dc0804no 15.6" pelikannettava (musta),HP15DC0804NO,1 749 
HP Omen 15-dc0805no 15.6" pelikannettava (musta),HP15DC0805NO,1 899Outletista alkaen 1 776€
HP Omen 17-an080no 17.3" pelikannettava (musta),HP17AN080NO,1 249 
HP Omen 17-an181no 17.3" pelikannettava (musta),HP17AN181NO,1 399Outletista alkaen 1 311€
HP Envy 17-bw0000no 17.3" kannettava (hopea),HP17BW0000NO,1 099 
HP 17-by0802no 17.3" kannettava (musta),HP17BY0802NO,649 
HP 17-by0803no 17.3" kannettava (musta),HP17BY0803NO,799 
Huawei MateBook X Pro 13.9" kannettava (hopea),HU53010CER,1 499 
Huawei MateBook D 13.9" kannettava (hopea),HU53010CND,899 
Huawei MateBook D 13.9" kannettava (hopea),HU53010CNF,999 
Huawei MateBook D 13.9" kannettava (hopea),HU53010CNK,1 149 
Huawei MateBook X Pro 13.9" kannettava (hopea),HU53010CNN,1 649Outletista alkaen 1 544€
Huawei MateBook X Pro 13.9" kannettava (hopea),HU53010DAE,1 399Outletista alkaen 1 311€
Huawei MateBook X 13" kannettava 256 GB (harmaa),HUMATEXI5G,1 299Outletista alkaen 1 218€
Huawei MateBook X 13" kannettava 256 GB (ruusukulta),HUMATEXI5P,1 299Outletista alkaen 1 218€
Huawei MateBook X 13" 512 GB (harmaa),HUMATEXI7G,1 449 
Lenovo Chromebook N22-20 11.6" kannettava (musta),LE80SF0018NC,259Outletista alkaen 191€
Lenovo Yoga 710 2-in-1 14" (musta),LE80V4003MMX,899Outletista alkaen 774€
Lenovo Yoga 910 13.9" 2-in-1 (harmaa),LE80VF005RMX,1 899 
Lenovo Yoga 520 2-in-1 14" (musta),LE80X800H3MX,547Outletista alkaen 448€
Lenovo Yoga 520 2-in-1 14" (musta),LE80X800U0MX,597Outletista alkaen 517€
Lenovo Ideapad 720S 14" kannettava (platinahopea),LE80XC0039MX,1 147 
Lenovo Ideapad 320 14" kannettava (platinanharmaa),LE80XK0107MX,499Outletista alkaen 359€
Lenovo Ideapad 320 15.6" kannettava (onyksinmusta),LE80XL044RMX,499Outletista alkaen 409€
Lenovo Ideapad 320 14" kannettava (platinanharmaa),LE80XU001VMX,399Outletista alkaen 289€
Lenovo Yoga 920 13.9" 2-in-1 (platina),LE80Y700C9MX,2 049 
Lenovo Legion Y520 15.6" pelikannettava (musta),LE80YY0011MX,999Outletista alkaen 939€
Lenovo Legion Y520 15.6" pelikannettava (musta),LE80YY009SMX,1 349Outletista alkaen 1 224€
Lenovo Ideapad 120s 14" kannettava (harmaa),LE81A5007SMX,399Outletista alkaen 289€
Lenovo Yoga 330 11.6" 2-in-1 (onyksinmusta),LE81A6003LMX,349 
Lenovo Ideapad 720S 14" kannettava (kulta),LE81BD002PMX,1 045Outletista alkaen 982€
Lenovo Yoga 720 2-in-1 13.3" (teräksenharmaa),LE81C3005UMX,1 097 
Lenovo Yoga 720 2-in-1 13.3" (hopea),LE81C3007KMX,1 099Outletista alkaen 1 032€
Lenovo Yoga 720 2-in-1 13.3" (kupari),LE81C3007MMX,997Outletista alkaen 937€
Lenovo Yoga 720 2-in-1 13.3" (hopea),LE81C3007PMX,1 347Outletista alkaen 1 263€
Lenovo Yoga 730 13.3" 2-in-1 (raudanharmaa),LE81CT000FMX,899 
Lenovo Yoga 730 13.3" 2-in-1 (raudanharmaa),LE81CT000HMX,1 099Outletista alkaen 999€
Lenovo Yoga 730 13.3" 2-in-1 (raudanharmaa),LE81CT000JMX,1 199Outletista alkaen 1 089€
Lenovo Yoga 730 13.3" 2-in-1 (kupari),LE81CT004UMX,1 099 
Lenovo Yoga 730 13.3" 2-in-1 (raudanharmaa),LE81CT005EMX,1 499Outletista alkaen 1 404€
Lenovo Yoga 730 13.3" 2-in-1 (raudanharmaa),LE81CT007KMX,1 399 
Lenovo Ideapad 330 15.6" kannettava (onyksinmusta),LE81DE00GTMX,749Outletista alkaen 534€
Lenovo Ideapad 330 15.6" kannettava (onyksinmusta),LE81DE00GUMX,849 
Lenovo Ideapad 330 15.6" kannettava (onyksinmusta),LE81DE016KMX,1 049 
Lenovo Ideapad 330 15.6" kannettava (lumivalkoinen),LE81DE016XMX,549 
Lenovo Ideapad 330 17.3" kannettava (musta),LE81DK001LMX,549Outletista alkaen 449€
Lenovo Ideapad 330 17.3" kannettava (musta),LE81DM004UMX,699Outletista alkaen 569€
Lenovo Yoga 530 14" 2-in-1 (onyksinmusta),LE81EK00C8MX,949 
Lenovo Yoga 530 14" 2-in-1 (onyksinmusta),LE81EK00C9MX,799 
Lenovo Yoga 530 14" 2-in-1 (onyksinmusta),LE81EK00CAMX,649 
Lenovo Ideapad 530s 14" kannettava (onyksinmusta),LE81EU00BQMX,649Outletista alkaen 562€
Lenovo Ideapad 530s 14" kannettava (onyksinmusta),LE81EU00BSMX,999 
Lenovo Ideapad 530s 14" kannettava (onyksinmusta),LE81EU00BTMX,1 049 
Lenovo Ideapad 530s 14" kannettava (onyksinmusta),LE81EU00BUMX,1 149 
Lenovo Ideapad 530s 14" kannettava (harmaa),LE81EU00D2MX,649Outletista alkaen 529€
Lenovo Ideapad 530s 14" kannettava (harmaa),LE81EU00D5MX,799Outletista alkaen 689€
Lenovo Ideapad 530s 15.6" kannettava (onyksinmusta),LE81EV0058MX,999 
Lenovo Ideapad 530s 15.6" kannettava (onyksinmusta),LE81EV0059MX,749 
Lenovo Ideapad 330 15.6" kannettava (musta),LE81FK007KMX,1 249Outletista alkaen 1 172€
Lenovo Legion Y530 15.6" pelikannettava (musta),LE81FV007TMX,1 199 
Lenovo Legion Y530 15.6" pelikannettava (musta),LE81FV00F9MX,1 399 
Lenovo Ideapad 530s 14" kannettava (harmaa),LE81H10000MX,549Outletista alkaen 449€
Lenovo Ideapad 530s 14" kannettava (onyksinmusta),LE81H1001LMX,549Outletista alkaen 449€
Lenovo Ideapad 530s 14" kannettava (onyksinmusta),LE81H1001MMX,849Outletista alkaen 732€
Lenovo Ideapad 530s 14" kannettava (harmaa),LE81H1002HMX,849 
Lenovo Yoga 530 14" 2-in-1 (onyksinmusta),LE81H9000PMX,519 
Lenovo Yoga 530 14" 2-in-1 (onyksinmusta),LE81H9000QMX,899Outletista alkaen 774€
Lenovo Yoga 920 13.9" 2-in-1 (platina),LEN80Y7003JMX,1 549Outletista alkaen 1 358€
Lenovo Yoga Book 10.1" 64 GB 4G LTE (harmaa),LEZA0W0010SE,349Outletista alkaen 219€
Lenovo Yoga A12 12.2" 2-in-1 32 GB WiFi (harmaa),LEZA1Y0022SE,247Outletista alkaen 183€
MacBook Air 13.3" MQD42,MACAMQD42KSA,1 149Outletista alkaen 987€
MacBook 12" MLHE2 (kulta),MACBMLHE2KSA,1 475Outletista alkaen 1 338€
MacBook 12" MNYG2 (tähtiharmaa),MACBMNYG2KSA,1 649 
MacBook 12" MNYH2 (hopea),MACBMNYH2KSA,1 399Outletista alkaen 1 199€
MacBook 12" MNYJ2 (hopea),MACBMNYJ2KSA,1 649Outletista alkaen 1 494€
MacBook 12" MNYL2 (kulta),MACBMNYL2KSA,1 694Outletista alkaen 1 535€
MacBook Pro 15 (tähtiharmaa),MACBPMLH32KSA,2 599Outletista alkaen 2 219€
MacBook Pro 15 Touch Bar (tähtiharmaa),MACBPMLH42KSA,2 799Outletista alkaen 2 445€
MacBook Pro 15 MPTT2 (tähtiharmaa),MACBPMPTT2KSA,2 999Outletista alkaen 2 709€
MacBook Pro 13 MPXT2 (tähtiharmaa),MACBPMPXT2KSA,1 599Outletista alkaen 1 497€
MacBook Pro 15 2018 (tähtiharmaa),MACBPMR932KSA,2 649Outletista alkaen 2 394€
MacBook Pro 15 2018 (tähtiharmaa),MACBPMR942KSA,3 249 
MacBook Pro 15 2018 (hopea),MACBPMR962KSA,2 899 
MacBook Pro 15 2018 (hopea),MACBPMR972KSA,3 249 
MacBook Pro 13 Touch Bar 2018 (tähtiharmaa),MACBPMR9R2KSA,2 299 
MacBook Pro 13 Touch Bar 2018 (hopea),MACBPMR9U2KSA,1 999Outletista alkaen 1 809€
MacBook Pro 13 Touch Bar 2018 (hopea),MACBPMR9V2KSA,2 299 
Surface Book 2 15" 1 TB,MSFVH00021,3 899 
MSI GE62MVR 7RG-039NE Apache Pro 15.6" pelikannettava,MSIGE627RG039,1 999Outletista alkaen 1 869€
MSI GE72VR 7RF-605NE Apache Pro 17.3" pelikannettava,MSIGE727RF605,1 497Outletista alkaen 1 356€
MSI GP62MVR 7RF-633NE 15.6" pelikannettava,MSIGP627RF633,1 299Outletista alkaen 1 218€
MSI GS63 7RE-037NE Stealth Pro 15.6" pelikannettava,MSIGS637RE037,1 397Outletista alkaen 1 197€
MSI GS63VR 7RF-218NE Stealth Pro 15.6" pelikannettava,MSIGS637RF218,1 447Outletista alkaen 1 240€
MSI GS73 8RE-017NE Stealth Pro 17.3" pelikannettava,MSIGS738RE017,2 079 
MSI GT63VR 8RF-034NE Dominator Pro 15.6" pelikannettava,MSIGT638RF034,2 599 
MSI GT75 8RG-048NE Titan Pro 17.3" pelikannettava,MSIGT758RG048,3 529 
MSI GT83VR 7RF-216NE Titan 18.4" pelikannettava,MSIGT837RF216,4 999Outletista alkaen 4 659€
MSI GV62 8RC-029NE 15.6" pelikannettava,MSIGV628RC029,797 
MSI GV62 8RC-201NE 15.6" pelikannettava,MSIGV628RC201,1 039Outletista alkaen 976€
MSI GV62 8RD-028NE 15.6" pelikannettava,MSIGV628RD028,1 139 
MSI GV62 8RE-017NE 15.6" pelikannettava,MSIGV628RE017,1 449Outletista alkaen 1 242€
MSI GV72 8RD-026NE 17.3" pelikannettava,MSIGV728RD026,1 189 
MSI GV72 8RD-027NE 17.3" pelikannettava,MSIGV728RD027,1 349 
MSI GV72 8RE-019NE 17.3" pelikannettava,MSIGV728RE019,1 609Outletista alkaen 1 458€
Surface Book 2 13.5" i5 256 GB,MSSB2I58256,1 799Outletista alkaen 1 683€
Surface Book 2 13.5"  i7 1 TB,MSSB2I7161G,3 549 
Surface Book 2 13.5" i7 512 GB,MSSB2I716512G,2 949Outletista alkaen 2 753€
Surface Book 2 13.5" i7 256 GB,MSSB2I78256G,2 349Outletista alkaen 2 195€
Surface Go 64 GB,MSSGOPEN464,469Outletista alkaen 338€
Surface Go 128 GB,MSSGOPEN8128,619Outletista alkaen 443€
Surface Laptop i5 128 GB (platina),MSSLI58128PL,799 
Surface Laptop i5 256 GB (sininen),MSSLI58256BLU,899Outletista alkaen 774€
Surface Laptop i5 256 GB (burgundi),MSSLI58256BUR,899 
Surface Laptop i5 256 GB (kulta),MSSLI58256GRA,899 
Surface Laptop i7 512 GB (platina),MSSLI716512PL,1 599 
Surface Pro 128 GB i5,MSSPJI58128,849 
Surface Pro 256 GB i5,MSSPJI58256,1 049Outletista alkaen 986€
Surface Pro 256 GB i7,MSSPJI78256,1 199Outletista alkaen 1 125€
Acer Switch 5 12" 2-in-1 (musta),NTLDTED001,999 
Acer TravelMate P2510-M 15.6" kannettava (musta),NXVGAED003,759 
Acer TravelMate P648 G3 14" kannettava (musta),NXVGGED004,1 499 
Acer TravelMate P2410-M 14" kannettava (musta),NXVGKED002,869 
Toshiba Satellite L50-B-2FN 15.6" kannettava (musta),SATL50B2FN,599Outletista alkaen 429€
Toshiba Satellite Z30-B-10C 13.3" kannettava,SATZ30B10C3,1 149 
HP ProBook 440 G4 14" kannettava (hopea),W6N87AV,799 
HP ProBook 430 G4 13.3" kannettava (hopea),W6P93AV,699 
Lenovo Yoga 730 13.3" 2-in-1 (raudanharmaa),10025,1 449 
Lenovo Yoga 730 13.3" 2-in-1 (raudanharmaa),10026,1 399 
Lenovo Yoga 730 13.3" 2-in-1 (raudanharmaa),10027,1 649 
HP Pavilion 13-an0800no 13.3" kannettava (vaalea kulta),10448,799 
Asus TUF Gaming FX504 15.6" pelikannettava (musta),11174,1 349 
HP Chromebook x360 14-da0000no 14" 2-in-1 (valkoinen/harmaa),11217,749 
HP Envy 13-ah1804no 13.3" kannettava (hopea),11224,1 349 
HP Pavilion 14-ce1810no 14" kannettava (hopea),11227,999 
HP Spectre Folio 2-in-1 13-ak0800no (konjakinruskea),11244,1 799 
HP Spectre Folio 2-in-1 13-ak0802no (konjakinruskea),11253,1 899 
HP Spectre Folio 2-in-1 13-ak0803no (konjakinruskea),11259,2 099 
HP Spectre x360 2-in-1 15-df0800no (harmaa/kupari),11284,2 299 
HP Spectre x360 2-in-1 15-df0801no (sininen/kulta),11325,2 399 
HP Pavilion x360 2-in-1 14-dd0812no 14" (hopea),11806,619 
Lenovo Chromebook Yoga C630 15.6" 2-in-1 (yönsininen),12514,799 
Asus ROG Strix SCAR II 17.3" pelikannettava (musta),12824,2 599 
Asus TUF Gaming FX505 15.6" pelikannettava (kulta teräs),12826,1 399 
Asus ZenBook 13 UX333FA 13.3" kannettava (hopea),12829,989 
Asus Chromebook C523. 15.6” FHD kannettava tietokone (hopea/musta),12830,359Outletista alkaen 315€
Asus TUF Gaming FX505 15.6"pelikannettava (kulta teräs),12831,1 549 
Asus ROG Strix Hero 2 15.6" pelikannettava (musta),12832,2 799 
Asus ZenBook 13 UX333FN 13.3" kannettava (hopea),12835,1 349 
Dell Latitude 5490 14" kannettava (musta),12883,929 
Acer TravelMate P658 G3 15.6" kannettava (musta),12887,1 199 
Dell Latitude 7390 13.3" kannettava (musta),13342,1 599 
Acer Chromebook Spin 13 13.5" 2-in-1 (harmaa),13648,999 
Acer Chromebook 14 kannettava (hopea),13652,449 
Acer Chromebook 14 kannettava (hopea),13653,399 
Acer Chromebook 14 kannettava (hopea),13654,549 
Acer Chromebook Spin 13 13.5" 2-in-1 (harmaa),13655,849 
Acer Swift 3 Pro 13.3” kannettava (hopea),14151,889 
HP Pavilion 13-an0807no 13.3" kannettava (hopea),14418,949 
HP ProBook 450 G5 15.6" kannettava (hopea),14650,1 099 
HP ProBook 440 G5 14" kannettava (hopea),14651,909 
HP ProBook 440 G5 14" kannettava (hopea),14656,809 
HP Spectre x360 2-in-1 13-ap0802no 4G(harmaa/kupari),14944,1 899 
MacBook 12" MRQP2 (kulta),15052,1 849 
MacBook 12" MRQN2 (kulta),15067,1 549 
Lenovo Ideapad 330 15.6" kannettava (musta),16236,999 
Lenovo Ideapad 330 15.6" kannettava (musta),16237,849 
Lenovo Yoga S730 13.3" kannettava (platina),16238,1 299 
Lenovo Ideapad 530s 14" kannettava (harmaa),16239,899 
Lenovo Ideapad 530s 15.6" kannettava (musta),16240,999 
Lenovo Yoga C930 13.9" 2-in-1 (harmaa),16241,1 399 
Lenovo Yoga C630 13.3" 2-in-1 (harmaa),16242,949 
Lenovo Yoga 730 15.6" 2-in-1 (metallinharmaa),16243,1 249 
Lenovo Ideapad 530s 14" kannettava (musta),16244,749 
Lenovo Yoga C930 13.9" 2-in-1 (harmaa),16245,1 799 
Lenovo Legion Y530 15.6" pelikannettava 512 GB (musta),16246,1 599 
Lenovo Ideapad 330 17.3" kannettava (musta),16249,499 
Lenovo Ideapad S130 14" kannettava (harmaa),16251,329 
Lenovo Ideapad 530s 14" kannettava (harmaa),16252,749 
Lenovo Ideapad 530s 14" kannettava (musta),16253,1 199 
Lenovo Ideapad 330s 14" kannettava (raudanharmaa),16255,499 
Lenovo Ideapad 530s 14" kannettava (musta),16259,999 
Lenovo Yoga 730 13.3" 2-in-1 (metallinharmaa),16260,1 399 
Lenovo Yoga C930 13.9" 2-in-1 (harmaa),16261,1 599 
Lenovo Yoga 530 14" 2-in-1 (onyx musta),16262,899 
Lenovo Ideapad 330s 14" kannettava (platinanharmaa),16264,549 
Lenovo Ideapad 530s 14" kannettava (musta),16265,1 049 
Lenovo Ideapad 330 15.6" kannettava (platinanharmaa),16267,599 
Acer Aspire 3 15.6" kannettava (musta),16450,499 
Acer Swift 1 14" kannettava (hopea),16451,529 
Acer Nitro 5 15.6” pelikannettava (musta),16454,1 299 
Acer Spin 3 14" 2-in-1 kannettava (harmaa),16456,599 
Acer Swift 3 14" kannettava (hopea),16457,1 199 
Acer Swift 3 14" kannettava (hopea),16461,779 
Acer Swift 3 14" kannettava (hopea),16462,1 049 
Acer Aspire 5 17.3" kannettava (musta),16464,849 
Acer Aspire 5 15.6" kannettava (musta),16466,899 
Acer Swift 5 14” kannettava (harmaa),16467,999 
Acer Swift 5 15.6” kannettava (hopea),16468,1 399 
Acer Swift 3 13.3” kannettava (hopea),16471,879 
Acer Swift 3 13.3” kannettava (hopea),16472,599 
Acer Swift 5 14” kannettava (harmaa),16473,1 299 
Acer Swift 3 13.3” kannettava (hopea),16474,749 
Acer Swift 3 13.3” kannettava (hopea),16475,999 
Acer Swift 3 13.3” kannettava (hopea),16476,1 079 
Acer Swift 5 15.6” laptop (silver),16478,1 199 
Lenovo Ideapad 330 15.6" kannettava (onyksinmusta),16670,649 
Asus ROG Zephyrus S GX701 17.3" pelikannettava (musta),16678,3 299 
Asus ROG Strix SCAR II 15.6" pelikannettava (musta),16682,2 099 
Asus TUF Gaming FX705 17.3" pelikannettava (red matter),16684,999 
Asus ROG Zephyrus S GX531 15.6" pelikannettava (musta),16691,3 199 
MSI GT75 8SG-029NE 17.3" pelikannettava (musta),16753,4 699 
MSI GT63 8SG-011NE 15.6" pelikannettava (musta),16754,3 299 
MSI GE63 8SE-023NE 15.6" pelikannettava (musta),16757,2 099 
Surface Pro 6 256 GB i7 (musta),18162,1 749 
Surface Pro 6 256 GB i5 (musta),18166,1 449 
Surface Laptop 2 i5 128 GB (platina),18167,1 179 
Surface Laptop 2 i5 256 GB (platina),18169,1 549 
Surface Laptop 2 i5 256 GB (musta),18170,1 549 
Lenovo ThinkPad X1 Carbon 14" kannettava 3y On-site,20KHS0W600,2 099 
Lenovo ThinkPad T480 14" kannettava 3y On-site,20L60033MX,1 699 
Lenovo ThinkPad T480 14" kannettava 3y On-site,20L8002QMX,1 699 
Lenovo ThinkPad T480s 14" kannettava 3y On-site,20L8002RMX,2 099 
Lenovo ThinkPad L380 13.3" kannettava 3y On-site,20M5S09Y00,1 299 
Lenovo ThinkPad L380 Yoga 13.3" 2-in-1 3y On-site,20M7S07800,1 199 
Acer Switch 7 13.5" 2-in-1 (musta),ACNTLEPED001,1 999 
Acer Swift 7 SF713-51 13.3" kannettava,ACNXGK6ED001,995Outletista alkaen 856€
Acer Swift 7 14" kannettava (musta),ACNXGUHED001,1 599 
Acer Swift 3 15.6" kannettava (teräksenharmaa),ACNXGV7ED017,649 
Acer Chromebook Spin 15 15.6" 2-in-1 (hopea),ACNXGWGED003,669 
Asus ROG G703GI 17.3" pelikannettava,ASG703G5013,4 049 
Asus ROG G703GI 17.3" pelikannettava,ASG703G5073,4 679Outletista alkaen 4 361€
Asus ROG Zephyrus M GM501 15.6" pelikannettava (musta),ASGM501G054,3 219 
Asus ROG Zephyrus GX501 15.6" pelikannettava (musta),ASGX501G016,3 849 
Dell XPS 13-9370 13.3" kannettava (platina),DEXPS9370603,1 799 
Dell XPS 15-9575 15.6" 2-in-1 (platinahopea),DEXPS9575410,1 899 
Lenovo ThinkPad T470s 14.1" kannettava (musta),LE20HF004VMX,1 699Outletista alkaen 1 539€
Lenovo Yoga 730 13.3" 2-in-1 (kupari),LE81CT007VMX,1 199 
MSI GT75 8RG-080NE Titan Pro 17.3" pelikannettava,MSIGT758RG080,4 259 
Surface Book i5 13.5" 128 GB,MSSBI58128,1 299Outletista alkaen 1 140€
